-- =====================================================================
--  ЛИДЕР+ · Демо-данные для быстрого старта (необязательно)
--  Выполнить ПОСЛЕ 01_schema.sql. Заполняет справочники и примеры уроков.
-- =====================================================================

-- Предметы
insert into subjects (id, name) values
  ('11111111-0000-0000-0000-000000000001','Математика'),
  ('11111111-0000-0000-0000-000000000002','Физика'),
  ('11111111-0000-0000-0000-000000000003','Химия'),
  ('11111111-0000-0000-0000-000000000004','История'),
  ('11111111-0000-0000-0000-000000000005','Английский язык');

-- Группы
insert into groups (id, name) values
  ('22222222-0000-0000-0000-000000000001','ЕНТ-9А'),
  ('22222222-0000-0000-0000-000000000002','ЕНТ-11Б'),
  ('22222222-0000-0000-0000-000000000003','Профориентация-1'),
  ('22222222-0000-0000-0000-000000000004','Мат-подготовка'),
  ('22222222-0000-0000-0000-000000000005','Разговорный клуб');

-- Преподаватели (profile_id пока null — привяжете после создания аккаунтов)
insert into teachers (id, full_name, subject_id, phone) values
  ('33333333-0000-0000-0000-000000000001','Айгерим Сапарова','11111111-0000-0000-0000-000000000001','+7 701 234 56 78'),
  ('33333333-0000-0000-0000-000000000002','Данияр Оспанов','11111111-0000-0000-0000-000000000002','+7 707 111 22 33'),
  ('33333333-0000-0000-0000-000000000003','Мадина Ержанова','11111111-0000-0000-0000-000000000003','+7 708 555 44 22'),
  ('33333333-0000-0000-0000-000000000004','Ерлан Тұрсынов','11111111-0000-0000-0000-000000000004','+7 705 909 80 70'),
  ('33333333-0000-0000-0000-000000000005','Гүлнара Ахметова','11111111-0000-0000-0000-000000000005','+7 701 777 66 55');

-- Ассистенты
insert into assistants (id, full_name) values
  ('44444444-0000-0000-0000-000000000001','Алия Нурланова'),
  ('44444444-0000-0000-0000-000000000002','Тимур Бекенов'),
  ('44444444-0000-0000-0000-000000000003','Сабина Касымова'),
  ('44444444-0000-0000-0000-000000000004','Нурлан Абишев');

-- Примеры уроков
insert into lessons (teacher_id, group_id, assistant_id, lesson_date, start_time, end_time, topic, students, status, plan_path) values
  ('33333333-0000-0000-0000-000000000001','22222222-0000-0000-0000-000000000001','44444444-0000-0000-0000-000000000001','2026-06-04','10:00','11:30','Квадратные уравнения',8,'проведён','demo/kv.pdf'),
  ('33333333-0000-0000-0000-000000000001','22222222-0000-0000-0000-000000000004','44444444-0000-0000-0000-000000000001','2026-06-11','14:00','15:30','Прогрессии',6,'проведён',null),
  ('33333333-0000-0000-0000-000000000001','22222222-0000-0000-0000-000000000001','44444444-0000-0000-0000-000000000002','2026-06-18','10:00','11:30','Неравенства',7,'проведён','demo/ner.pdf'),
  ('33333333-0000-0000-0000-000000000002','22222222-0000-0000-0000-000000000002','44444444-0000-0000-0000-000000000003','2026-06-05','12:00','13:30','Законы Ньютона',10,'проведён','demo/newton.docx'),
  ('33333333-0000-0000-0000-000000000002','22222222-0000-0000-0000-000000000002','44444444-0000-0000-0000-000000000003','2026-06-12','12:00','13:30','Кинематика',9,'проведён','demo/kin.pdf'),
  ('33333333-0000-0000-0000-000000000003','22222222-0000-0000-0000-000000000001','44444444-0000-0000-0000-000000000004','2026-06-06','09:00','10:30','Периодическая система',8,'проведён',null),
  ('33333333-0000-0000-0000-000000000005','22222222-0000-0000-0000-000000000005','44444444-0000-0000-0000-000000000002','2026-06-14','16:00','17:00','Speaking practice',5,'проведён','demo/sp.docx');
